Afnan;Supremacy in Oud;8,00
Ajmal;Evoke Midnight Edition Ajmal;8,50
Alhambra;Fabulo Intense;8,50
Alhambra;Hercules;8,00
Alhambra;Infini Oud Joyous;8,00
Alhambra;Kismet Angel;8,50
Alhambra;Porto Neroli;8,00
Alhambra;Russe Leather;8,00
Amouage;Reflection Man;8,00
Armaf;Derby Club House Gold;8,50
Boucheron;Ambre d'Alexandrie;8,00
Boucheron;Jaipur;8,00
CdG;Man 2;8,50
CH;Bad Boy Superstar;8,00
Chanel;Bleu;8,00
Chopard;1000 Miglia;8,00
Commodity;Milk+;8,00
Commodity;Moss+;8,50
Commodity;Whiskey;8,00
Davidoff;Zino;8,00
Diptyque;Eau Duelle EDP;9,00
ELDO;Putain de Palace;8,00
ELDO;Spice Must Flow;8,00
Fragrance World;Cocktail Intense;8,50
Fragrance World;Jasper Rouge;8,00
Fragrance World;Vanilla So Sweet;8,50
Givenchy;Reserve Privee EDP;8,50
Hermes;TdH EDT;8,50
Hermes;Terre d'Hermes Pure Perfume;8,50
Hermes;Voyage d'Hermes EDP;9,00
Histoires;7753 Mona Lisa;8,00
Initio;Blessed Baraka;8,00
Jo Malone;Myrrh & Tonka;8,00
JPG;Le Male Elixir;8,00
Lalique;Encre Noire;8,00
Lalique;Or Intemporel;8,50
Lolita Lempicka;Au Masculin;8,00
Lolita Lempicka;Au Masculin EDP Intense;9,00
Marabika;Tobacco Myth;8,00
Montblanc;Explorer;8,50
Mugler;A*Men;8,00
Mugler;A*Men Pure Havana;8,50
Mugler;A*Men Pure Malt;8,00
Mugler;Cologne;8,00
Narciso Rodriguez;Musc Noire Rose;8,00
Novellista;Velvet Dusk;8,50
Paco Rabane;1 million;8,00
Prada;Luna Rossa Black;8,00
Salvatore Ferragamo;F Black;8,00
Serge Lutens;Ambre Sultan;9,00
Serge Lutens;Chergui;8,00
Serge Lutens;L'eau Serge Lutens;8,50
The Merchant of Venice;Esperidi Water;8,50
Tom Ford;Noir;8,50
Tom Ford;Ombre Leather;9,00
Tom Ford;Vert d'Encens;8,00
Xerjoff;Naxos;8,00
YSL;Opium Pour Homme;8,00
Zara;Lisboa;8,50
Zara;Seoul;8,00
Zara;Tobacco Intense Dark;8,00
Zara;Tobacco Rich Warm;9,00
Zimaya;Sharaf Blend;7,50
Zoologist;Panda;8,00
Zoologist;Squid;8,50
Zoologist;Chipmunk;8,00
Zoologist;Civet;8,50
Zoologist;Cow;8,00
